codigo_dane,nombre_municipio,nombre_departamento,provincia
91263,El Encanto,AMAZONAS,AMAZONAS
91405,La Chorrera,AMAZONAS,AMAZONAS
91407,La Pedrera,AMAZONAS,AMAZONAS
91430,La Victoria,AMAZONAS,AMAZONAS
91001,Leticia,AMAZONAS,AMAZONAS
91460,Miriti - Paraná,AMAZONAS,AMAZONAS
91530,Puerto Alegria,AMAZONAS,AMAZONAS
91536,Puerto Arica,AMAZONAS,AMAZONAS
91540,Puerto Nariño,AMAZONAS,AMAZONAS
91669,Puerto Santander,AMAZONAS,AMAZONAS
91798,Tarapacá,AMAZONAS,AMAZONAS
05120,Cáceres,ANTIOQUIA,BAJO CAUCA
05154,Caucasia,ANTIOQUIA,BAJO CAUCA
05250,El Bagre,ANTIOQUIA,BAJO CAUCA
05495,Nechí,ANTIOQUIA,BAJO CAUCA
05790,Tarazá,ANTIOQUIA,BAJO CAUCA
05895,Zaragoza,ANTIOQUIA,BAJO CAUCA
05142,Caracolí,ANTIOQUIA,MAGDALENA MEDIO
05425,Maceo,ANTIOQUIA,MAGDALENA MEDIO
05579,Puerto Berrio,ANTIOQUIA,MAGDALENA MEDIO
05585,Puerto Nare,ANTIOQUIA,MAGDALENA MEDIO
05591,Puerto Triunfo,ANTIOQUIA,MAGDALENA MEDIO
05893,Yondó,ANTIOQUIA,MAGDALENA MEDIO
05031,Amalfi,ANTIOQUIA,NORDESTE
05040,Anorí,ANTIOQUIA,NORDESTE
05190,Cisneros,ANTIOQUIA,NORDESTE
05604,Remedios,ANTIOQUIA,NORDESTE
05670,San Roque,ANTIOQUIA,NORDESTE
05690,Santo Domingo,ANTIOQUIA,NORDESTE
05736,Segovia,ANTIOQUIA,NORDESTE
05858,Vegachí,ANTIOQUIA,NORDESTE
05885,Yalí,ANTIOQUIA,NORDESTE
05890,Yolombó,ANTIOQUIA,NORDESTE
05038,Angostura,ANTIOQUIA,NORTE
05086,Belmira,ANTIOQUIA,NORTE
05107,Briceño,ANTIOQUIA,NORTE
05134,Campamento,ANTIOQUIA,NORTE
05150,Carolina,ANTIOQUIA,NORTE
05237,Don Matias,ANTIOQUIA,NORTE
05264,Entrerrios,ANTIOQUIA,NORTE
05310,Gómez Plata,ANTIOQUIA,NORTE
05315,Guadalupe,ANTIOQUIA,NORTE
05361,Ituango,ANTIOQUIA,NORTE
05647,San Andrés,ANTIOQUIA,NORTE
05658,San José De La Montaña,ANTIOQUIA,NORTE
05664,San Pedro,ANTIOQUIA,NORTE
05686,Santa Rosa De Osos,ANTIOQUIA,NORTE
05819,Toledo,ANTIOQUIA,NORTE
05854,Valdivia,ANTIOQUIA,NORTE
05887,Yarumal,ANTIOQUIA,NORTE
05004,Abriaquí,ANTIOQUIA,OCCIDENTE
05044,Anza,ANTIOQUIA,OCCIDENTE
05059,Armenia,ANTIOQUIA,OCCIDENTE
05113,Buriticá,ANTIOQUIA,OCCIDENTE
05138,Cañasgordas,ANTIOQUIA,OCCIDENTE
05234,Dabeiba,ANTIOQUIA,OCCIDENTE
05240,Ebéjico,ANTIOQUIA,OCCIDENTE
05284,Frontino,ANTIOQUIA,OCCIDENTE
05306,Giraldo,ANTIOQUIA,OCCIDENTE
05347,Heliconia,ANTIOQUIA,OCCIDENTE
05411,Liborina,ANTIOQUIA,OCCIDENTE
05501,Olaya,ANTIOQUIA,OCCIDENTE
05543,Peque,ANTIOQUIA,OCCIDENTE
05628,Sabanalarga,ANTIOQUIA,OCCIDENTE
05656,San Jerónimo,ANTIOQUIA,OCCIDENTE
05042,Santafé De Antioquia,ANTIOQUIA,OCCIDENTE
05761,Sopetran,ANTIOQUIA,OCCIDENTE
05842,Uramita,ANTIOQUIA,OCCIDENTE
05002,Abejorral,ANTIOQUIA,ORIENTE
05021,Alejandría,ANTIOQUIA,ORIENTE
05055,Argelia,ANTIOQUIA,ORIENTE
05148,Carmen De Viboral,ANTIOQUIA,ORIENTE
05197,Cocorná,ANTIOQUIA,ORIENTE
05206,Concepción,ANTIOQUIA,ORIENTE
05313,Granada,ANTIOQUIA,ORIENTE
05318,Guarne,ANTIOQUIA,ORIENTE
05321,Guatape,ANTIOQUIA,ORIENTE
05376,La Ceja,ANTIOQUIA,ORIENTE
05400,La Unión,ANTIOQUIA,ORIENTE
05440,Marinilla,ANTIOQUIA,ORIENTE
05483,Nariño,ANTIOQUIA,ORIENTE
05541,Peñol,ANTIOQUIA,ORIENTE
05607,Retiro,ANTIOQUIA,ORIENTE
05615,Rionegro,ANTIOQUIA,ORIENTE
05649,San Carlos,ANTIOQUIA,ORIENTE
05652,San Francisco,ANTIOQUIA,ORIENTE
05660,San Luis,ANTIOQUIA,ORIENTE
05667,San Rafael,ANTIOQUIA,ORIENTE
05674,San Vicente,ANTIOQUIA,ORIENTE
05697,Santuario,ANTIOQUIA,ORIENTE
05756,Sonson,ANTIOQUIA,ORIENTE
05030,Amaga,ANTIOQUIA,SUROESTE
05034,Andes,ANTIOQUIA,SUROESTE
05036,Angelopolis,ANTIOQUIA,SUROESTE
05091,Betania,ANTIOQUIA,SUROESTE
05093,Betulia,ANTIOQUIA,SUROESTE
05125,Caicedo,ANTIOQUIA,SUROESTE
05145,Caramanta,ANTIOQUIA,SUROESTE
05101,Ciudad Bolívar,ANTIOQUIA,SUROESTE
05209,Concordia,ANTIOQUIA,SUROESTE
05282,Fredonia,ANTIOQUIA,SUROESTE
05353,Hispania,ANTIOQUIA,SUROESTE
05364,Jardín,ANTIOQUIA,SUROESTE
05368,Jericó,ANTIOQUIA,SUROESTE
05390,La Pintada,ANTIOQUIA,SUROESTE
05467,Montebello,ANTIOQUIA,SUROESTE
05576,Pueblorrico,ANTIOQUIA,SUROESTE
05642,Salgar,ANTIOQUIA,SUROESTE
05679,Santa Barbara,ANTIOQUIA,SUROESTE
05789,Támesis,ANTIOQUIA,SUROESTE
05792,Tarso,ANTIOQUIA,SUROESTE
05809,Titiribí,ANTIOQUIA,SUROESTE
05847,Urrao,ANTIOQUIA,SUROESTE
05856,Valparaiso,ANTIOQUIA,SUROESTE
05861,Venecia,ANTIOQUIA,SUROESTE
05045,Apartadó,ANTIOQUIA,URABA
05051,Arboletes,ANTIOQUIA,URABA
05147,Carepa,ANTIOQUIA,URABA
05172,Chigorodó,ANTIOQUIA,URABA
05475,Murindó,ANTIOQUIA,URABA
05480,Mutata,ANTIOQUIA,URABA
05490,Necoclí,ANTIOQUIA,URABA
05659,San Juan De Uraba,ANTIOQUIA,URABA
05665,San Pedro De Uraba,ANTIOQUIA,URABA
05837,Turbo,ANTIOQUIA,URABA
05873,Vigía Del Fuerte,ANTIOQUIA,URABA
05079,Barbosa,ANTIOQUIA,VALLE DEL ABURRA
05088,Bello,ANTIOQUIA,VALLE DEL ABURRA
05129,Caldas,ANTIOQUIA,VALLE DEL ABURRA
05212,Copacabana,ANTIOQUIA,VALLE DEL ABURRA
05266,Envigado,ANTIOQUIA,VALLE DEL ABURRA
05308,Girardota,ANTIOQUIA,VALLE DEL ABURRA
05360,Itagui,ANTIOQUIA,VALLE DEL ABURRA
05380,La Estrella,ANTIOQUIA,VALLE DEL ABURRA
05001,Medellín,ANTIOQUIA,VALLE DEL ABURRA
05631,Sabaneta,ANTIOQUIA,VALLE DEL ABURRA
81001,Arauca,ARAUCA,ARAUCA
81065,Arauquita,ARAUCA,ARAUCA
81220,Cravo Norte,ARAUCA,ARAUCA
81300,Fortul,ARAUCA,ARAUCA
81591,Puerto Rondón,ARAUCA,ARAUCA
81736,Saravena,ARAUCA,ARAUCA
81794,Tame,ARAUCA,ARAUCA
88564,Providencia Y Santa Catalina,ARCHIPIELAGO DE SAN ANDRES,ARCHIPIELAGO DE SAN ANDRES
88001,San Andres,ARCHIPIELAGO DE SAN ANDRES,ARCHIPIELAGO DE SAN ANDRES
08001,Barranquilla,ATLÁNTICO,NORTE
08296,Galapa,ATLÁNTICO,NORTE
08433,Malambo,ATLÁNTICO,NORTE
08573,Puerto Colombia,ATLÁNTICO,NORTE
08758,Soledad,ATLÁNTICO,NORTE
08137,Campo De La Cruz,ATLÁNTICO,CENTRO ORIENTE
08141,Candelaria,ATLÁNTICO,CENTRO ORIENTE
08421,Luruaco,ATLÁNTICO,CENTRO ORIENTE
08436,Manati,ATLÁNTICO,CENTRO ORIENTE
08606,Repelon,ATLÁNTICO,CENTRO ORIENTE
08675,Santa Lucia,ATLÁNTICO,CENTRO ORIENTE
08770,Suan,ATLÁNTICO,CENTRO ORIENTE
08078,Baranoa,ATLÁNTICO,OCCIDENTAL
08520,Palmar De Varela,ATLÁNTICO,OCCIDENTAL
08558,Polonuevo,ATLÁNTICO,OCCIDENTAL
08560,Ponedera,ATLÁNTICO,OCCIDENTAL
08634,Sabanagrande,ATLÁNTICO,OCCIDENTAL
08638,Sabanalarga,ATLÁNTICO,OCCIDENTAL
08685,Santo Tomas,ATLÁNTICO,OCCIDENTAL
08372,Juan De Acosta,ATLÁNTICO,SUR
08549,Piojó,ATLÁNTICO,SUR
08832,Tubara,ATLÁNTICO,SUR
08849,Usiacuri,ATLÁNTICO,SUR
11001,Bogota D.C.,BOGOTÁ D.C.,BOGOTA
13188,Cicuco,BOLIVAR,DEPRESION MOMPOSINA
13300,Hatillo De Loba,BOLIVAR,DEPRESION MOMPOSINA
13440,Margarita,BOLIVAR,DEPRESION MOMPOSINA
13468,Mompós,BOLIVAR,DEPRESION MOMPOSINA
13650,San Fernando,BOLIVAR,DEPRESION MOMPOSINA
13780,Talaigua Nuevo,BOLIVAR,DEPRESION MOMPOSINA
13052,Arjona,BOLIVAR,DIQUE BOLIVARENSE
13062,Arroyohondo,BOLIVAR,DIQUE BOLIVARENSE
13140,Calamar,BOLIVAR,DIQUE BOLIVARENSE
13001,Cartagena,BOLIVAR,DIQUE BOLIVARENSE
13222,Clemencia,BOLIVAR,DIQUE BOLIVARENSE
13433,Mahates,BOLIVAR,DIQUE BOLIVARENSE
13620,San Cristobal,BOLIVAR,DIQUE BOLIVARENSE
13647,San Estanislao,BOLIVAR,DIQUE BOLIVARENSE
13673,Santa Catalina,BOLIVAR,DIQUE BOLIVARENSE
13683,Santa Rosa De Lima,BOLIVAR,DIQUE BOLIVARENSE
13760,Soplaviento,BOLIVAR,DIQUE BOLIVARENSE
13836,Turbaco,BOLIVAR,DIQUE BOLIVARENSE
13838,Turbana,BOLIVAR,DIQUE BOLIVARENSE
13873,Villanueva,BOLIVAR,DIQUE BOLIVARENSE
13030,Altos Del Rosario,BOLIVAR,LOBA
13074,Barranco De Loba,BOLIVAR,LOBA
13268,El Peñon,BOLIVAR,LOBA
13580,Regidor,BOLIVAR,LOBA
13600,Río Viejo,BOLIVAR,LOBA
13667,San Martin De Loba,BOLIVAR,LOBA
13042,Arenal,BOLIVAR,MAGDALENA MEDIO BOLIVARENSE
13160,Cantagallo,BOLIVAR,MAGDALENA MEDIO BOLIVARENSE
13473,Morales,BOLIVAR,MAGDALENA MEDIO BOLIVARENSE
13670,San Pablo,BOLIVAR,MAGDALENA MEDIO BOLIVARENSE
13688,Santa Rosa Del Sur,BOLIVAR,MAGDALENA MEDIO BOLIVARENSE
13744,Simití,BOLIVAR,MAGDALENA MEDIO BOLIVARENSE
13006,Achí,BOLIVAR,MOJANA
13430,Magangué,BOLIVAR,MOJANA
13458,Montecristo,BOLIVAR,MOJANA
13549,Pinillos,BOLIVAR,MOJANA
13655,San Jacinto Del Cauca,BOLIVAR,MOJANA
13810,Tiquisio,BOLIVAR,MOJANA
13244,Carmen De Bolívar,BOLIVAR,MONTES DE MARIA
13212,Córdoba,BOLIVAR,MONTES DE MARIA
13248,El Guamo,BOLIVAR,MONTES DE MARIA
13442,María La Baja,BOLIVAR,MONTES DE MARIA
13654,San Jacinto,BOLIVAR,MONTES DE MARIA
13657,San Juan Nepomuceno,BOLIVAR,MONTES DE MARIA
13894,Zambrano,BOLIVAR,MONTES DE MARIA
15232,Chíquiza,BOYACÁ,CENTRO
15187,Chivatá,BOYACÁ,CENTRO
15204,Cómbita,BOYACÁ,CENTRO
15224,Cucaita,BOYACÁ,CENTRO
15476,Motavita,BOYACÁ,CENTRO
15500,Oicatá,BOYACÁ,CENTRO
15646,Samacá,BOYACÁ,CENTRO
15740,Siachoque,BOYACÁ,CENTRO
15762,Sora,BOYACÁ,CENTRO
15764,Soracá,BOYACÁ,CENTRO
15763,Sotaquirá,BOYACÁ,CENTRO
15814,Toca,BOYACÁ,CENTRO
15001,Tunja,BOYACÁ,CENTRO
15837,Tuta,BOYACÁ,CENTRO
15861,Ventaquemada,BOYACÁ,CENTRO
15180,Chiscas,BOYACÁ,GUTIERREZ
15223,Cubará,BOYACÁ,GUTIERREZ
15244,El Cocuy,BOYACÁ,GUTIERREZ
15248,El Espino,BOYACÁ,GUTIERREZ
15317,Guacamayas,BOYACÁ,GUTIERREZ
15332,Güicán,BOYACÁ,GUTIERREZ
15522,Panqueba,BOYACÁ,GUTIERREZ
15377,Labranzagrande,BOYACÁ,LA LIBERTAD
15518,Pajarito,BOYACÁ,LA LIBERTAD
15533,Paya,BOYACÁ,LA LIBERTAD
15550,Pisba,BOYACÁ,LA LIBERTAD
15090,Berbeo,BOYACÁ,LENGUPA
15135,Campohermoso,BOYACÁ,LENGUPA
15455,Miraflores,BOYACÁ,LENGUPA
15514,Páez,BOYACÁ,LENGUPA
15660,San Eduardo,BOYACÁ,LENGUPA
15897,Zetaquira,BOYACÁ,LENGUPA
15104,Boyacá,BOYACÁ,MARQUEZ
15189,Ciénega,BOYACÁ,MARQUEZ
15367,Jenesano,BOYACÁ,MARQUEZ
15494,Nuevo Colón,BOYACÁ,MARQUEZ
15599,Ramiriquí,BOYACÁ,MARQUEZ
15621,Rondón,BOYACÁ,MARQUEZ
15804,Tibaná,BOYACÁ,MARQUEZ
15835,Turmequé,BOYACÁ,MARQUEZ
15842,Umbita,BOYACÁ,MARQUEZ
15879,Viracachá,BOYACÁ,MARQUEZ
15172,Chinavita,BOYACÁ,NEIRA
15299,Garagoa,BOYACÁ,NEIRA
15425,Macanal,BOYACÁ,NEIRA
15511,Pachavita,BOYACÁ,NEIRA
15667,San Luis De Gaceno,BOYACÁ,NEIRA
15690,Santa María,BOYACÁ,NEIRA
15097,Boavita,BOYACÁ,NORTE
15218,Covarachía,BOYACÁ,NORTE
15403,La Uvita,BOYACÁ,NORTE
15673,San Mateo,BOYACÁ,NORTE
15720,Sativanorte,BOYACÁ,NORTE
15723,Sativasur,BOYACÁ,NORTE
15753,Soatá,BOYACÁ,NORTE
15774,Susacón,BOYACÁ,NORTE
15810,Tipacoque,BOYACÁ,NORTE
15106,Briceño,BOYACÁ,OCCIDENTE
15109,Buenavista,BOYACÁ,OCCIDENTE
15131,Caldas,BOYACÁ,OCCIDENTE
15176,Chiquinquirá,BOYACÁ,OCCIDENTE
15212,Coper,BOYACÁ,OCCIDENTE
15401,La Victoria,BOYACÁ,OCCIDENTE
15442,Maripí,BOYACÁ,OCCIDENTE
15480,Muzo,BOYACÁ,OCCIDENTE
15507,Otanche,BOYACÁ,OCCIDENTE
15531,Pauna,BOYACÁ,OCCIDENTE
15572,Puerto Boyaca,BOYACÁ,OCCIDENTE
15580,Quípama,BOYACÁ,OCCIDENTE
15632,Saboyá,BOYACÁ,OCCIDENTE
15676,San Miguel De Sema,BOYACÁ,OCCIDENTE
15681,San Pablo Borbur,BOYACÁ,OCCIDENTE
15832,Tununguá,BOYACÁ,OCCIDENTE
15022,Almeida,BOYACÁ,ORIENTE
15236,Chivor,BOYACÁ,ORIENTE
15322,Guateque,BOYACÁ,ORIENTE
15325,Guayatá,BOYACÁ,ORIENTE
15380,La Capilla,BOYACÁ,ORIENTE
15761,Somondoco,BOYACÁ,ORIENTE
15778,Sutatenza,BOYACÁ,ORIENTE
15798,Tenza,BOYACÁ,ORIENTE
15051,Arcabuco,BOYACÁ,RICAURTE
15185,Chitaraque,BOYACÁ,RICAURTE
15293,Gachantivá,BOYACÁ,RICAURTE
15469,Moniquirá,BOYACÁ,RICAURTE
15600,Ráquira,BOYACÁ,RICAURTE
15638,Sáchica,BOYACÁ,RICAURTE
15664,San José De Pare,BOYACÁ,RICAURTE
15696,Santa Sofía,BOYACÁ,RICAURTE
15686,Santana,BOYACÁ,RICAURTE
15776,Sutamarchán,BOYACÁ,RICAURTE
15808,Tinjacá,BOYACÁ,RICAURTE
15816,Togüí,BOYACÁ,RICAURTE
15407,Villa De Leyva,BOYACÁ,RICAURTE
15047,Aquitania,BOYACÁ,SUGAMUXI
15226,Cuítiva,BOYACÁ,SUGAMUXI
15272,Firavitoba,BOYACÁ,SUGAMUXI
15296,Gameza,BOYACÁ,SUGAMUXI
15362,Iza,BOYACÁ,SUGAMUXI
15464,Mongua,BOYACÁ,SUGAMUXI
15466,Monguí,BOYACÁ,SUGAMUXI
15491,Nobsa,BOYACÁ,SUGAMUXI
15542,Pesca,BOYACÁ,SUGAMUXI
15759,Sogamoso,BOYACÁ,SUGAMUXI
15806,Tibasosa,BOYACÁ,SUGAMUXI
15820,Tópaga,BOYACÁ,SUGAMUXI
15822,Tota,BOYACÁ,SUGAMUXI
15087,Belén,BOYACÁ,TUNDAMA
15114,Busbanzá,BOYACÁ,TUNDAMA
15162,Cerinza,BOYACÁ,TUNDAMA
15215,Corrales,BOYACÁ,TUNDAMA
15238,Duitama,BOYACÁ,TUNDAMA
15276,Floresta,BOYACÁ,TUNDAMA
15516,Paipa,BOYACÁ,TUNDAMA
15693,San Rosa Viterbo,BOYACÁ,TUNDAMA
15839,Tutazá,BOYACÁ,TUNDAMA
15092,Betéitiva,BOYACÁ,VALDERRAMA
15183,Chita,BOYACÁ,VALDERRAMA
15368,Jericó,BOYACÁ,VALDERRAMA
15537,Paz De Río,BOYACÁ,VALDERRAMA
15757,Socha,BOYACÁ,VALDERRAMA
15755,Socotá,BOYACÁ,VALDERRAMA
15790,Tasco,BOYACÁ,VALDERRAMA
17272,Filadelfia,CALDAS,ALTO OCCIDENTE
17388,La Merced,CALDAS,ALTO OCCIDENTE
17442,Marmato,CALDAS,ALTO OCCIDENTE
17614,Riosucio,CALDAS,ALTO OCCIDENTE
17777,Supía,CALDAS,ALTO OCCIDENTE
17433,Manzanares,CALDAS,ALTO ORIENTE
17444,Marquetalia,CALDAS,ALTO ORIENTE
17446,Marulanda,CALDAS,ALTO ORIENTE
17541,Pensilvania,CALDAS,ALTO ORIENTE
17042,Anserma,CALDAS,BAJO OCCIDENTE
17088,Belalcázar,CALDAS,BAJO OCCIDENTE
17616,Risaralda,CALDAS,BAJO OCCIDENTE
17665,San José,CALDAS,BAJO OCCIDENTE
17877,Viterbo,CALDAS,BAJO OCCIDENTE
17174,Chinchina,CALDAS,CENTRO
17001,Manizales,CALDAS,CENTRO
17486,Neira,CALDAS,CENTRO
17524,Palestina,CALDAS,CENTRO
17873,Villamaria,CALDAS,CENTRO
17013,Aguadas,CALDAS,NORTE
17050,Aranzazu,CALDAS,NORTE
17513,Pácora,CALDAS,NORTE
17653,Salamina,CALDAS,NORTE
17380,La Dorada,CALDAS,ORIENTE
17495,Norcasia,CALDAS,ORIENTE
17662,Samaná,CALDAS,ORIENTE
17867,Victoria,CALDAS,ORIENTE
18029,Albania,CAQUETA,CAQUETA
18094,Belén De Los Andaquies,CAQUETA,CAQUETA
18150,Cartagena Del Chairá,CAQUETA,CAQUETA
18205,Currillo,CAQUETA,CAQUETA
18247,El Doncello,CAQUETA,CAQUETA
18256,El Paujil,CAQUETA,CAQUETA
18001,Florencia,CAQUETA,CAQUETA
18410,La Montañita,CAQUETA,CAQUETA
18460,Milan,CAQUETA,CAQUETA
18479,Morelia,CAQUETA,CAQUETA
18592,Puerto Rico,CAQUETA,CAQUETA
18610,San Jose Del Fragua,CAQUETA,CAQUETA
18753,San Vicente Del Caguán,CAQUETA,CAQUETA
18756,Solano,CAQUETA,CAQUETA
18785,Solita,CAQUETA,CAQUETA
18860,Valparaiso,CAQUETA,CAQUETA
85010,Aguazul,CASANARE,CASANARE
85015,Chameza,CASANARE,CASANARE
85125,Hato Corozal,CASANARE,CASANARE
85136,La Salina,CASANARE,CASANARE
85139,Maní,CASANARE,CASANARE
85162,Monterrey,CASANARE,CASANARE
85225,Nunchía,CASANARE,CASANARE
85230,Orocué,CASANARE,CASANARE
85250,Paz De Ariporo,CASANARE,CASANARE
85263,Pore,CASANARE,CASANARE
85279,Recetor,CASANARE,CASANARE
85300,Sabanalarga,CASANARE,CASANARE
85315,Sácama,CASANARE,CASANARE
85325,San Luis De Palenque,CASANARE,CASANARE
85400,Támara,CASANARE,CASANARE
85410,Tauramena,CASANARE,CASANARE
85430,Trinidad,CASANARE,CASANARE
85440,Villanueva,CASANARE,CASANARE
85001,Yopal,CASANARE,CASANARE
19130,Cajibío,CAUCA,CENTRO
19256,El Tambo,CAUCA,CENTRO
19392,La Sierra,CAUCA,CENTRO
19473,Morales,CAUCA,CENTRO
19548,Piendamo,CAUCA,CENTRO
19001,Popayán,CAUCA,CENTRO
19622,Rosas,CAUCA,CENTRO
19760,Sotara,CAUCA,CENTRO
19807,Timbio,CAUCA,CENTRO
19110,Buenos Aires,CAUCA,NORTE
19142,Caloto,CAUCA,NORTE
19212,Corinto,CAUCA,NORTE
19455,Miranda,CAUCA,NORTE
19513,Padilla,CAUCA,NORTE
19573,Puerto Tejada,CAUCA,NORTE
19698,Santander De Quilichao,CAUCA,NORTE
19780,Suarez,CAUCA,NORTE
19845,Villa Rica,CAUCA,NORTE
19318,Guapi,CAUCA,OCCIDENTE
19418,Lopez,CAUCA,OCCIDENTE
19809,Timbiqui,CAUCA,OCCIDENTE
19137,Caldono,CAUCA,ORIENTE
19355,Inzá,CAUCA,ORIENTE
19364,Jambalo,CAUCA,ORIENTE
19517,Paez,CAUCA,ORIENTE
19585,Purace,CAUCA,ORIENTE
19743,Silvia,CAUCA,ORIENTE
19821,Toribio,CAUCA,ORIENTE
19824,Totoro,CAUCA,ORIENTE
19022,Almaguer,CAUCA,SUR
19050,Argelia,CAUCA,SUR
19075,Balboa,CAUCA,SUR
19100,Bolívar,CAUCA,SUR
19290,Florencia,CAUCA,SUR
19397,La Vega,CAUCA,SUR
19450,Mercaderes,CAUCA,SUR
19532,Patia,CAUCA,SUR
19533,Piamonte,CAUCA,SUR
19693,San Sebastian,CAUCA,SUR
19701,Santa Rosa,CAUCA,SUR
19785,Sucre,CAUCA,SUR
20045,Becerril,CESAR,CENTRAL
20175,Chimichagua,CESAR,CENTRAL
20178,Chiriguana,CESAR,CENTRAL
20228,Curumaní,CESAR,CENTRAL
20400,La Jagua De Ibirico,CESAR,CENTRAL
20517,Pailitas,CESAR,CENTRAL
20787,Tamalameque,CESAR,CENTRAL
20032,Astrea,CESAR,NOROCCIDENTAL
20060,Bosconia,CESAR,NOROCCIDENTAL
20238,El Copey,CESAR,NOROCCIDENTAL
20250,El Paso,CESAR,NOROCCIDENTAL
20013,Agustín Codazzi,CESAR,NORTE
20621,La Paz,CESAR,NORTE
20443,Manaure,CESAR,NORTE
20570,Pueblo Bello,CESAR,NORTE
20750,San Diego,CESAR,NORTE
20001,Valledupar,CESAR,NORTE
20011,Aguachica,CESAR,SUR
20295,Gamarra,CESAR,SUR
20310,González,CESAR,SUR
20383,La Gloria,CESAR,SUR
20550,Pelaya,CESAR,SUR
20614,Río De Oro,CESAR,SUR
20710,San Alberto,CESAR,SUR
20770,San Martín,CESAR,SUR
27050,Atrato,CHOCO,ATRATO
27073,Bagadó,CHOCO,ATRATO
27099,Bojaya,CHOCO,ATRATO
27245,El Carmen De Atrato,CHOCO,ATRATO
27413,Lloró,CHOCO,ATRATO
27425,Medio Atrato,CHOCO,ATRATO
27001,Quibdó,CHOCO,ATRATO
27600,Rio Quito,CHOCO,ATRATO
27006,Acandí,CHOCO,DARIEN
27086,Belén De Bajira,CHOCO,DARIEN
27150,Carmén Del Darién,CHOCO,DARIEN
27615,Riosucio,CHOCO,DARIEN
27800,Unguía,CHOCO,DARIEN
27075,Bahía Solano,CHOCO,PACIFICO NORTE
27372,Juradó,CHOCO,PACIFICO NORTE
27495,Nuquí,CHOCO,PACIFICO NORTE
27025,Alto Baudó,CHOCO,PACIFICO SUR
27077,Bajo Baudó,CHOCO,PACIFICO SUR
27250,El Litoral Del San Juan,CHOCO,PACIFICO SUR
27430,Medio Baudó,CHOCO,PACIFICO SUR
27135,Canton De San Pablo,CHOCO,SAN JUAN
27160,Certegui,CHOCO,SAN JUAN
27205,Condoto,CHOCO,SAN JUAN
27361,Itsmina,CHOCO,SAN JUAN
27450,Medio San Juan,CHOCO,SAN JUAN
27491,Nóvita,CHOCO,SAN JUAN
27580,Río Frío,CHOCO,SAN JUAN
27660,San José Del Palmar,CHOCO,SAN JUAN
27745,Sipí,CHOCO,SAN JUAN
27787,Tadó,CHOCO,SAN JUAN
27810,Union Panamericana,CHOCO,SAN JUAN
23807,Tierralta,CORDOBA,ALTO SINU
23855,Valencia,CORDOBA,ALTO SINU
23168,Chimá,CORDOBA,BAJO SINU
23300,Cotorra,CORDOBA,BAJO SINU
23417,Lorica,CORDOBA,BAJO SINU
23464,Momil,CORDOBA,BAJO SINU
23586,Purísima,CORDOBA,BAJO SINU
23001,Montería,CORDOBA,CENTRO
23090,Canalete,CORDOBA,COSTANERA
23419,Los Córdobas,CORDOBA,COSTANERA
23500,Moñitos,CORDOBA,COSTANERA
23574,Puerto Escondido,CORDOBA,COSTANERA
23672,San Antero,CORDOBA,COSTANERA
23675,San Bernardo Del Viento,CORDOBA,COSTANERA
23182,Chinú,CORDOBA,SABANAS
23660,Sahagún,CORDOBA,SABANAS
23670,San Andrés Sotavento,CORDOBA,SABANAS
23068,Ayapel,CORDOBA,SAN JORGE
23079,Buenavista,CORDOBA,SAN JORGE
23350,La Apartada,CORDOBA,SAN JORGE
23466,Montelíbano,CORDOBA,SAN JORGE
23555,Planeta Rica,CORDOBA,SAN JORGE
23570,Pueblo Nuevo,CORDOBA,SAN JORGE
23580,Puerto Libertador,CORDOBA,SAN JORGE
23162,Cereté,CORDOBA,SINU MEDIO
23189,Ciénaga De Oro,CORDOBA,SINU MEDIO
23678,San Carlos,CORDOBA,SINU MEDIO
23686,San Pelayo,CORDOBA,SINU MEDIO
25183,Chocontá,CUNDINAMARCA,ALMEIDAS
25426,Macheta,CUNDINAMARCA,ALMEIDAS
25436,Manta,CUNDINAMARCA,ALMEIDAS
25736,Sesquilé,CUNDINAMARCA,ALMEIDAS
25772,Suesca,CUNDINAMARCA,ALMEIDAS
25807,Tibirita,CUNDINAMARCA,ALMEIDAS
25873,Villapinzón,CUNDINAMARCA,ALMEIDAS
25001,Agua De Dios,CUNDINAMARCA,ALTO MAGDALENA
25307,Girardot,CUNDINAMARCA,ALTO MAGDALENA
25324,Guataquí,CUNDINAMARCA,ALTO MAGDALENA
25368,Jerusalén,CUNDINAMARCA,ALTO MAGDALENA
25483,Nariño,CUNDINAMARCA,ALTO MAGDALENA
25488,Nilo,CUNDINAMARCA,ALTO MAGDALENA
25612,Ricaurte,CUNDINAMARCA,ALTO MAGDALENA
25815,Tocaima,CUNDINAMARCA,ALTO MAGDALENA
25148,Caparrapí,CUNDINAMARCA,BAJO MAGDALENA
25320,Guaduas,CUNDINAMARCA,BAJO MAGDALENA
25572,Puerto Salgar,CUNDINAMARCA,BAJO MAGDALENA
25019,Albán,CUNDINAMARCA,GUALIVA
25398,La Peña,CUNDINAMARCA,GUALIVA
25402,La Vega,CUNDINAMARCA,GUALIVA
25489,Nimaima,CUNDINAMARCA,GUALIVA
25491,Nocaima,CUNDINAMARCA,GUALIVA
25592,Quebradanegra,CUNDINAMARCA,GUALIVA
25658,San Francisco,CUNDINAMARCA,GUALIVA
25718,Sasaima,CUNDINAMARCA,GUALIVA
25777,Supatá,CUNDINAMARCA,GUALIVA
25851,Útica,CUNDINAMARCA,GUALIVA
25862,Vergara,CUNDINAMARCA,GUALIVA
25875,Villeta,CUNDINAMARCA,GUALIVA
25293,Gachala,CUNDINAMARCA,GUAVIO
25297,Gacheta,CUNDINAMARCA,GUAVIO
25299,Gama,CUNDINAMARCA,GUAVIO
25322,Guasca,CUNDINAMARCA,GUAVIO
25326,Guatavita,CUNDINAMARCA,GUAVIO
25372,Junín,CUNDINAMARCA,GUAVIO
25377,La Calera,CUNDINAMARCA,GUAVIO
25839,Ubalá,CUNDINAMARCA,GUAVIO
25086,Beltrán,CUNDINAMARCA,MAGDALENA CENTRO
25095,Bituima,CUNDINAMARCA,MAGDALENA CENTRO
25168,Chaguaní,CUNDINAMARCA,MAGDALENA CENTRO
25328,Guayabal De Siquima,CUNDINAMARCA,MAGDALENA CENTRO
25580,Puli,CUNDINAMARCA,MAGDALENA CENTRO
25662,San Juan De Río Seco,CUNDINAMARCA,MAGDALENA CENTRO
25867,Vianí,CUNDINAMARCA,MAGDALENA CENTRO
25438,Medina,CUNDINAMARCA,MEDINA
25530,Paratebueno,CUNDINAMARCA,MEDINA
25151,Caqueza,CUNDINAMARCA,ORIENTE
25178,Chipaque,CUNDINAMARCA,ORIENTE
25181,Choachí,CUNDINAMARCA,ORIENTE
25279,Fomeque,CUNDINAMARCA,ORIENTE
25281,Fosca,CUNDINAMARCA,ORIENTE
25335,Guayabetal,CUNDINAMARCA,ORIENTE
25339,Gutiérrez,CUNDINAMARCA,ORIENTE
25594,Quetame,CUNDINAMARCA,ORIENTE
25841,Ubaque,CUNDINAMARCA,ORIENTE
25845,Une,CUNDINAMARCA,ORIENTE
25258,El Peñón,CUNDINAMARCA,RIO NEGRO
25394,La Palma,CUNDINAMARCA,RIO NEGRO
25513,Pacho,CUNDINAMARCA,RIO NEGRO
25518,Paime,CUNDINAMARCA,RIO NEGRO
25653,San Cayetano,CUNDINAMARCA,RIO NEGRO
25823,Topaipi,CUNDINAMARCA,RIO NEGRO
25871,Villagomez,CUNDINAMARCA,RIO NEGRO
25885,Yacopí,CUNDINAMARCA,RIO NEGRO
25126,Cajicá,CUNDINAMARCA,SABANA CENTRO
25175,Chía,CUNDINAMARCA,SABANA CENTRO
25200,Cogua,CUNDINAMARCA,SABANA CENTRO
25295,Gachancipá,CUNDINAMARCA,SABANA CENTRO
25486,Nemocón,CUNDINAMARCA,SABANA CENTRO
25758,Sopó,CUNDINAMARCA,SABANA CENTRO
25785,Tabio,CUNDINAMARCA,SABANA CENTRO
25817,Tocancipá,CUNDINAMARCA,SABANA CENTRO
25899,Zipaquirá,CUNDINAMARCA,SABANA CENTRO
25099,Bojacá,CUNDINAMARCA,SABANA OCCIDENTE
25214,Cota,CUNDINAMARCA,SABANA OCCIDENTE
25260,El Rosal,CUNDINAMARCA,SABANA OCCIDENTE
25269,Facatativá,CUNDINAMARCA,SABANA OCCIDENTE
25286,Funza,CUNDINAMARCA,SABANA OCCIDENTE
25430,Madrid,CUNDINAMARCA,SABANA OCCIDENTE
25473,Mosquera,CUNDINAMARCA,SABANA OCCIDENTE
25769,Subachoque,CUNDINAMARCA,SABANA OCCIDENTE
25799,Tenjo,CUNDINAMARCA,SABANA OCCIDENTE
25898,Zipacon,CUNDINAMARCA,SABANA OCCIDENTE
25740,Sibaté,CUNDINAMARCA,SOACHA
25754,Soacha,CUNDINAMARCA,SOACHA
25053,Arbeláez,CUNDINAMARCA,SUMAPAZ
25120,Cabrera,CUNDINAMARCA,SUMAPAZ
25290,Fusagasugá,CUNDINAMARCA,SUMAPAZ
25312,Granada,CUNDINAMARCA,SUMAPAZ
25524,Pandi,CUNDINAMARCA,SUMAPAZ
25535,Pasca,CUNDINAMARCA,SUMAPAZ
25649,San Bernardo,CUNDINAMARCA,SUMAPAZ
25743,Silvania,CUNDINAMARCA,SUMAPAZ
25805,Tibacuy,CUNDINAMARCA,SUMAPAZ
25506,Venecia,CUNDINAMARCA,SUMAPAZ
25035,Anapoima,CUNDINAMARCA,TEQUENDAMA
25040,Anolaima,CUNDINAMARCA,TEQUENDAMA
25599,Apulo,CUNDINAMARCA,TEQUENDAMA
25123,Cachipay,CUNDINAMARCA,TEQUENDAMA
25245,El Colegio,CUNDINAMARCA,TEQUENDAMA
25386,La Mesa,CUNDINAMARCA,TEQUENDAMA
25596,Quipile,CUNDINAMARCA,TEQUENDAMA
25645,San Antonio De Tequendama,CUNDINAMARCA,TEQUENDAMA
25797,Tena,CUNDINAMARCA,TEQUENDAMA
25878,Viotá,CUNDINAMARCA,TEQUENDAMA
25154,Carmen De Carupa,CUNDINAMARCA,UBATE
25224,Cucunubá,CUNDINAMARCA,UBATE
25288,Fúquene,CUNDINAMARCA,UBATE
25317,Guachetá,CUNDINAMARCA,UBATE
25407,Lenguazaque,CUNDINAMARCA,UBATE
25745,Simijaca,CUNDINAMARCA,UBATE
25779,Susa,CUNDINAMARCA,UBATE
25781,Sutatausa,CUNDINAMARCA,UBATE
25793,Tausa,CUNDINAMARCA,UBATE
25843,Ubate,CUNDINAMARCA,UBATE
94343,Barranco Mina,GUAINIA,GUAINIA
94886,Cacahual,GUAINIA,GUAINIA
94001,Inírida,GUAINIA,GUAINIA
94885,La Guadalupe,GUAINIA,GUAINIA
94663,Mapiripan,GUAINIA,GUAINIA
94888,Morichal,GUAINIA,GUAINIA
94887,Pana Pana,GUAINIA,GUAINIA
94884,Puerto Colombia,GUAINIA,GUAINIA
94883,San Felipe,GUAINIA,GUAINIA
95015,Calamar,GUAVIARE,GUAVIARE
95025,El Retorno,GUAVIARE,GUAVIARE
95200,Miraflores,GUAVIARE,GUAVIARE
95001,San José Del Guaviare,GUAVIARE,GUAVIARE
41013,Agrado,HUILA,CENTRO
41026,Altamira,HUILA,CENTRO
41298,Garzón,HUILA,CENTRO
41306,Gigante,HUILA,CENTRO
41319,Guadalupe,HUILA,CENTRO
41548,Pital,HUILA,CENTRO
41770,Suaza,HUILA,CENTRO
41791,Tarqui,HUILA,CENTRO
41016,Aipe,HUILA,NORTE
41020,Algeciras,HUILA,NORTE
41078,Baraya,HUILA,NORTE
41132,Campoalegre,HUILA,NORTE
41206,Colombia,HUILA,NORTE
41349,Hobo,HUILA,NORTE
41357,Iquira,HUILA,NORTE
41001,Neiva,HUILA,NORTE
41524,Palermo,HUILA,NORTE
41615,Rivera,HUILA,NORTE
41676,Santa María,HUILA,NORTE
41799,Tello,HUILA,NORTE
41801,Teruel,HUILA,NORTE
41872,Villavieja,HUILA,NORTE
41885,Yaguará,HUILA,NORTE
41378,La Argentina,HUILA,OCCIDENTE
41396,La Plata,HUILA,OCCIDENTE
41483,Nátaga,HUILA,OCCIDENTE
41518,Paicol,HUILA,OCCIDENTE
41797,Tesalia,HUILA,OCCIDENTE
41006,Acevedo,HUILA,SUR
41244,Elías,HUILA,SUR
41359,Isnos,HUILA,SUR
41503,Oporapa,HUILA,SUR
41530,Palestina,HUILA,SUR
41551,Pitalito,HUILA,SUR
41660,Saladoblanco,HUILA,SUR
41668,San Agustín,HUILA,SUR
41807,Timaná,HUILA,SUR
44035,Albania,LA GUAJIRA,NORTE
44090,Dibulla,LA GUAJIRA,NORTE
44430,Maicao,LA GUAJIRA,NORTE
44560,Manaure,LA GUAJIRA,NORTE
44001,Riohacha,LA GUAJIRA,NORTE
44847,Uribia,LA GUAJIRA,NORTE
44078,Barrancas,LA GUAJIRA,SUR
44098,Distraccion,LA GUAJIRA,SUR
44110,El Molino,LA GUAJIRA,SUR
44279,Fonseca,LA GUAJIRA,SUR
44378,Hatonuevo,LA GUAJIRA,SUR
44420,La Jagua Del Pilar,LA GUAJIRA,SUR
44650,San Juan Del Cesar,LA GUAJIRA,SUR
44855,Urumita,LA GUAJIRA,SUR
44874,Villanueva,LA GUAJIRA,SUR
47058,Ariguaní,MAGDALENA,CENTRO
47170,Chibolo,MAGDALENA,CENTRO
47460,Nueva Granada,MAGDALENA,CENTRO
47555,Plato,MAGDALENA,CENTRO
47660,Sabanas De San Angel,MAGDALENA,CENTRO
47798,Tenerife,MAGDALENA,CENTRO
47030,Algarrobo,MAGDALENA,NORTE
47053,Aracataca,MAGDALENA,NORTE
47189,Ciénaga,MAGDALENA,NORTE
47268,El Reten,MAGDALENA,NORTE
47288,Fundacion,MAGDALENA,NORTE
47570,Pueblo Viejo,MAGDALENA,NORTE
47980,Zona Bananera,MAGDALENA,NORTE
47161,Cerro San Antonio,MAGDALENA,RIO
47205,Concordia,MAGDALENA,RIO
47258,El Piñon,MAGDALENA,RIO
47541,Pedraza,MAGDALENA,RIO
47551,Pivijay,MAGDALENA,RIO
47605,Remolino,MAGDALENA,RIO
47675,Salamina,MAGDALENA,RIO
47745,Sitionuevo,MAGDALENA,RIO
47960,Zapayan,MAGDALENA,RIO
47001,Santa Marta,MAGDALENA,SANTA MARTA
47245,El Banco,MAGDALENA,SUR
47318,Guamal,MAGDALENA,SUR
47545,Pijiño Del Carmen,MAGDALENA,SUR
47692,San Sebastian De Buenavista,MAGDALENA,SUR
47703,San Zenon,MAGDALENA,SUR
47707,Santa Ana,MAGDALENA,SUR
47720,Santa Barbara De Pinto,MAGDALENA,SUR
50251,El Castillo,META,ARIARI
50270,El Dorado,META,ARIARI
50287,Fuente De Oro,META,ARIARI
50313,Granada,META,ARIARI
50350,La Macarena,META,ARIARI
50370,La Uribe,META,ARIARI
50400,Lejanías,META,ARIARI
50325,Mapiripan,META,ARIARI
50330,Mesetas,META,ARIARI
50450,Puerto Concordia,META,ARIARI
50577,Puerto Lleras,META,ARIARI
50590,Puerto Rico,META,ARIARI
50683,San Juan De Arama,META,ARIARI
50711,Vista Hermosa,META,ARIARI
50001,Villavicencio,META,CAPITAL
50006,Acacias,META,PIEDEMONTE
50110,Barranca De Upia,META,PIEDEMONTE
50150,Castilla La Nueva,META,PIEDEMONTE
50226,Cumaral,META,PIEDEMONTE
50245,El Calvario,META,PIEDEMONTE
50318,Guamal,META,PIEDEMONTE
50606,Restrepo,META,PIEDEMONTE
50680,San Carlos Guaroa,META,PIEDEMONTE
50686,San Juanito,META,PIEDEMONTE
50223,San Luis De Cubarral,META,PIEDEMONTE
50689,San Martín,META,PIEDEMONTE
50124,Cabuyaro,META,RIO META
50568,Puerto Gaitán,META,RIO META
50573,Puerto Lopez,META,RIO META
52240,Chachagui,NARIÑO,CENTRO
52207,Consaca,NARIÑO,CENTRO
52254,El Peñol,NARIÑO,CENTRO
52260,El Tambo,NARIÑO,CENTRO
52381,La Florida,NARIÑO,CENTRO
52480,Nariño,NARIÑO,CENTRO
52001,Pasto,NARIÑO,CENTRO
52683,Sandoná,NARIÑO,CENTRO
52788,Tangua,NARIÑO,CENTRO
52885,Yacuanquer,NARIÑO,CENTRO
52036,Ancuya,NARIÑO,OCCIDENTE
52320,Guaitarilla,NARIÑO,OCCIDENTE
52385,La Llanada,NARIÑO,OCCIDENTE
52411,Linares,NARIÑO,OCCIDENTE
52418,Los Andes,NARIÑO,OCCIDENTE
52435,Mallama,NARIÑO,OCCIDENTE
52506,Ospina,NARIÑO,OCCIDENTE
52565,Providencia,NARIÑO,OCCIDENTE
52612,Ricaurte,NARIÑO,OCCIDENTE
52678,Samaniego,NARIÑO,OCCIDENTE
52699,Santa Cruz,NARIÑO,OCCIDENTE
52720,Sapuyes,NARIÑO,OCCIDENTE
52838,Tuquerres,NARIÑO,OCCIDENTE
52079,Barbacoas,NARIÑO,COSTA
52250,El Charco,NARIÑO,COSTA
52520,Francisco Pizarro,NARIÑO,COSTA
52390,La Tola,NARIÑO,COSTA
52427,Magui,NARIÑO,COSTA
52473,Mosquera,NARIÑO,COSTA
52490,Olaya Herrera,NARIÑO,COSTA
52621,Roberto Payan,NARIÑO,COSTA
52696,Santa Barbara,NARIÑO,COSTA
52835,Tumaco,NARIÑO,COSTA
52019,Alban,NARIÑO,NORTE
52051,Arboleda,NARIÑO,NORTE
52083,Belen,NARIÑO,NORTE
52110,Buesaco,NARIÑO,NORTE
52203,Colon,NARIÑO,NORTE
52233,Cumbitara,NARIÑO,NORTE
52256,El Rosario,NARIÑO,NORTE
52258,El Tablon De Gomez,NARIÑO,NORTE
52378,La Cruz,NARIÑO,NORTE
52399,La Union,NARIÑO,NORTE
52405,Leiva,NARIÑO,NORTE
52540,Policarpa,NARIÑO,NORTE
52685,San Bernardo,NARIÑO,NORTE
52687,San Lorenzo,NARIÑO,NORTE
52693,San Pablo,NARIÑO,NORTE
52694,San Pedro De Cartago,NARIÑO,NORTE
52786,Taminango,NARIÑO,NORTE
52022,Aldana,NARIÑO,SUR
52210,Contadero,NARIÑO,SUR
52215,Córdoba,NARIÑO,SUR
52224,Cuaspud,NARIÑO,SUR
52227,Cumbal,NARIÑO,SUR
52287,Funes,NARIÑO,SUR
52317,Guachucal,NARIÑO,SUR
52323,Gualmatan,NARIÑO,SUR
52352,Iles,NARIÑO,SUR
52354,Imues,NARIÑO,SUR
52356,Ipiales,NARIÑO,SUR
52560,Potosí,NARIÑO,SUR
52573,Puerres,NARIÑO,SUR
52585,Pupiales,NARIÑO,SUR
54051,Arboledas,NORTE DE SANTANDER,CENTRO
54223,Cucutilla,NORTE DE SANTANDER,CENTRO
54313,Gramalote,NORTE DE SANTANDER,CENTRO
54418,Lourdes,NORTE DE SANTANDER,CENTRO
54660,Salazar,NORTE DE SANTANDER,CENTRO
54680,Santiago,NORTE DE SANTANDER,CENTRO
54871,Villa Caro,NORTE DE SANTANDER,CENTRO
54109,Bucarasica,NORTE DE SANTANDER,NORTE
54250,El Tarra,NORTE DE SANTANDER,NORTE
54720,Sardinata,NORTE DE SANTANDER,NORTE
54810,Tibú,NORTE DE SANTANDER,NORTE
54003,Abrego,NORTE DE SANTANDER,OCCIDENTE
54128,Cachirá,NORTE DE SANTANDER,OCCIDENTE
54206,Convención,NORTE DE SANTANDER,OCCIDENTE
54245,El Carmen,NORTE DE SANTANDER,OCCIDENTE
54344,Hacarí,NORTE DE SANTANDER,OCCIDENTE
54385,La Esperanza,NORTE DE SANTANDER,OCCIDENTE
54398,La Playa,NORTE DE SANTANDER,OCCIDENTE
54498,Ocaña,NORTE DE SANTANDER,OCCIDENTE
54670,San Calixto,NORTE DE SANTANDER,OCCIDENTE
54800,Teorama,NORTE DE SANTANDER,OCCIDENTE
54001,Cúcuta,NORTE DE SANTANDER,CORDILLERANOS
54261,El Zulia,NORTE DE SANTANDER,CORDILLERANOS
54405,Los Patios,NORTE DE SANTANDER,CORDILLERANOS
54553,Puerto Santander,NORTE DE SANTANDER,CORDILLERANOS
54673,San Cayetano,NORTE DE SANTANDER,CORDILLERANOS
54874,Villa Del Rosario,NORTE DE SANTANDER,CORDILLERANOS
54125,Cácota,NORTE DE SANTANDER,FRIA
54174,Chitagá,NORTE DE SANTANDER,FRIA
54480,Mutiscua,NORTE DE SANTANDER,FRIA
54518,Pamplona,NORTE DE SANTANDER,FRIA
54520,Pamplonita,NORTE DE SANTANDER,FRIA
54743,Silos,NORTE DE SANTANDER,FRIA
54099,Bochalema,NORTE DE SANTANDER,VALLE
54172,Chinácota,NORTE DE SANTANDER,VALLE
54239,Durania,NORTE DE SANTANDER,VALLE
54347,Herrán,NORTE DE SANTANDER,VALLE
54377,Labateca,NORTE DE SANTANDER,VALLE
54599,Ragonvalia,NORTE DE SANTANDER,VALLE
54820,Toledo,NORTE DE SANTANDER,VALLE
86219,Colón,PUTUMAYO,PUTUMAYO
86001,Mocoa,PUTUMAYO,PUTUMAYO
86320,Orito,PUTUMAYO,PUTUMAYO
86568,Puerto Asis,PUTUMAYO,PUTUMAYO
86569,Puerto Caicedo,PUTUMAYO,PUTUMAYO
86571,Puerto Guzman,PUTUMAYO,PUTUMAYO
86573,Puerto Leguizamo,PUTUMAYO,PUTUMAYO
86755,San Francisco,PUTUMAYO,PUTUMAYO
86757,San Miguel,PUTUMAYO,PUTUMAYO
86760,Santiago,PUTUMAYO,PUTUMAYO
86749,Sibundoy,PUTUMAYO,PUTUMAYO
86865,Valle Del Guamuez,PUTUMAYO,PUTUMAYO
86885,Villa Garzon,PUTUMAYO,PUTUMAYO
63001,Armenia,QUINDIO,CAPITAL
63111,Buenavista,QUINDIO,CAPITAL
63130,Calarca,QUINDIO,CAPITAL
63212,Cordoba,QUINDIO,CAPITAL
63302,Genova,QUINDIO,CAPITAL
63548,Pijao,QUINDIO,CAPITAL
63272,Filandia,QUINDIO,ORIENTAL
63690,Salento,QUINDIO,ORIENTAL
63190,Circasia,QUINDIO,NORTE
63401,La Tebaida,QUINDIO,SUR OCCIDENTE
63470,Montengro,QUINDIO,SUR OCCIDENTE
63594,Quimbaya,QUINDIO,SUR OCCIDENTE
66170,Dosquebradas,RISARALDA,DOS - VERTIENTE ORIENTAL
66400,La Virginia,RISARALDA,DOS - VERTIENTE ORIENTAL
66440,Marsella,RISARALDA,DOS - VERTIENTE ORIENTAL
66001,Pereira,RISARALDA,DOS - VERTIENTE ORIENTAL
66682,Santa Rosa De Cabal,RISARALDA,DOS - VERTIENTE ORIENTAL
66045,Apía,RISARALDA,UNO - VERTIENTE OCCIDENTAL
66075,Balboa,RISARALDA,UNO - VERTIENTE OCCIDENTAL
66088,Belén De Umbría,RISARALDA,UNO - VERTIENTE OCCIDENTAL
66318,Guática,RISARALDA,UNO - VERTIENTE OCCIDENTAL
66383,La Celia,RISARALDA,UNO - VERTIENTE OCCIDENTAL
66594,Quinchia,RISARALDA,UNO - VERTIENTE OCCIDENTAL
66687,Santuario,RISARALDA,UNO - VERTIENTE OCCIDENTAL
66456,Mistrató,RISARALDA,TRES - VERTIENTE DEL PACIFICO
66572,Pueblo Rico,RISARALDA,TRES - VERTIENTE DEL PACIFICO
68176,Chima,SANTANDER,COMUNERA
68209,Confines,SANTANDER,COMUNERA
68211,Contratación,SANTANDER,COMUNERA
68245,El Guacamayo,SANTANDER,COMUNERA
68296,Galán,SANTANDER,COMUNERA
68298,Gambita,SANTANDER,COMUNERA
68320,Guadalupe,SANTANDER,COMUNERA
68322,Guapotá,SANTANDER,COMUNERA
68344,Hato,SANTANDER,COMUNERA
68500,Oiba,SANTANDER,COMUNERA
68522,Palmar,SANTANDER,COMUNERA
68524,Palmas Del Socorro,SANTANDER,COMUNERA
68720,Santa Helena Del Opón,SANTANDER,COMUNERA
68745,Simacota,SANTANDER,COMUNERA
68755,Socorro,SANTANDER,COMUNERA
68770,Suaita,SANTANDER,COMUNERA
68147,Capitanejo,SANTANDER,GARCIA ROVIRA
68152,Carcasí,SANTANDER,GARCIA ROVIRA
68160,Cepitá,SANTANDER,GARCIA ROVIRA
68162,Cerrito,SANTANDER,GARCIA ROVIRA
68207,Concepción,SANTANDER,GARCIA ROVIRA
68266,Enciso,SANTANDER,GARCIA ROVIRA
68318,Guaca,SANTANDER,GARCIA ROVIRA
68425,Macaravita,SANTANDER,GARCIA ROVIRA
68432,Málaga,SANTANDER,GARCIA ROVIRA
68468,Molagavita,SANTANDER,GARCIA ROVIRA
68669,San Andrés,SANTANDER,GARCIA ROVIRA
68684,San José De Miranda,SANTANDER,GARCIA ROVIRA
68686,San Miguel,SANTANDER,GARCIA ROVIRA
68051,Aratoca,SANTANDER,GUANENTA
68079,Barichara,SANTANDER,GUANENTA
68121,Cabrera,SANTANDER,GUANENTA
68167,Charalá,SANTANDER,GUANENTA
68217,Coromoro,SANTANDER,GUANENTA
68229,Curití,SANTANDER,GUANENTA
68264,Encino,SANTANDER,GUANENTA
68370,Jordán,SANTANDER,GUANENTA
68464,Mogotes,SANTANDER,GUANENTA
68498,Ocamonte,SANTANDER,GUANENTA
68502,Onzaga,SANTANDER,GUANENTA
68533,Páramo,SANTANDER,GUANENTA
68549,Pinchote,SANTANDER,GUANENTA
68679,San Gil,SANTANDER,GUANENTA
68682,San Joaquín,SANTANDER,GUANENTA
68855,Valle De San José,SANTANDER,GUANENTA
68872,Villanueva,SANTANDER,GUANENTA
68081,Barrancabermeja,SANTANDER,MARES
68092,Betulia,SANTANDER,MARES
68235,El Carmen De Chucurí,SANTANDER,MARES
68575,Puerto Wilches,SANTANDER,MARES
68655,Sabana De Torres,SANTANDER,MARES
68689,San Vicente De Chucurí,SANTANDER,MARES
68895,Zapatoca,SANTANDER,MARES
68001,Bucaramanga,SANTANDER,SOTO
68132,California,SANTANDER,SOTO
68169,Charta,SANTANDER,SOTO
68255,El Playón,SANTANDER,SOTO
68276,Floridablanca,SANTANDER,SOTO
68307,Girón,SANTANDER,SOTO
68406,Lebríja,SANTANDER,SOTO
68418,Los Santos,SANTANDER,SOTO
68444,Matanza,SANTANDER,SOTO
68547,Piedecuesta,SANTANDER,SOTO
68615,Rionegro,SANTANDER,SOTO
68705,Santa Bárbara,SANTANDER,SOTO
68780,Surata,SANTANDER,SOTO
68820,Tona,SANTANDER,SOTO
68867,Vetas,SANTANDER,SOTO
68013,Aguada,SANTANDER,VELEZ
68020,Albania,SANTANDER,VELEZ
68077,Barbosa,SANTANDER,VELEZ
68101,Bolívar,SANTANDER,VELEZ
68179,Chipatá,SANTANDER,VELEZ
68190,Cimitarra,SANTANDER,VELEZ
68250,El Peñón,SANTANDER,VELEZ
68271,Florián,SANTANDER,VELEZ
68324,Guavatá,SANTANDER,VELEZ
68327,Guepsa,SANTANDER,VELEZ
68368,Jesús María,SANTANDER,VELEZ
68377,La Belleza,SANTANDER,VELEZ
68397,La Paz,SANTANDER,VELEZ
68385,Landázuri,SANTANDER,VELEZ
68572,Puente Nacional,SANTANDER,VELEZ
68573,Puerto Parra,SANTANDER,VELEZ
68673,San Benito,SANTANDER,VELEZ
68773,Sucre,SANTANDER,VELEZ
68861,Vélez,SANTANDER,VELEZ
70265,Guaranda,SUCRE,MOJANA
70429,Majagual,SUCRE,MOJANA
70771,Sucre,SUCRE,MOJANA
70230,Chalán,SUCRE,MONTES DE MARIA
70204,Coloso,SUCRE,MONTES DE MARIA
70473,Morroa,SUCRE,MONTES DE MARIA
70508,Ovejas,SUCRE,MONTES DE MARIA
70001,Sincelejo,SUCRE,MONTES DE MARIA
70221,Coveñas,SUCRE,MORROSQUILLO
70523,Palmito,SUCRE,MORROSQUILLO
70713,San Onofre,SUCRE,MORROSQUILLO
70820,Santiago De Tolú,SUCRE,MORROSQUILLO
70823,Tolú Viejo,SUCRE,MORROSQUILLO
70110,Buenavista,SUCRE,SABANAS
70215,Corozal,SUCRE,SABANAS
70233,El Roble,SUCRE,SABANAS
70235,Galeras,SUCRE,SABANAS
70418,Los Palmitos,SUCRE,SABANAS
70670,Sampués,SUCRE,SABANAS
70702,San Juan Betulia,SUCRE,SABANAS
70717,San Pedro,SUCRE,SABANAS
70742,Sincé,SUCRE,SABANAS
70124,Caimito,SUCRE,SAN JORGE
70400,La Unión,SUCRE,SAN JORGE
70678,San Benito Abad,SUCRE,SAN JORGE
70708,San Marcos,SUCRE,SAN JORGE
73030,Ambalema,TOLIMA,NORTE
73055,Armero,TOLIMA,NORTE
73270,Falan,TOLIMA,NORTE
73283,Fresno,TOLIMA,NORTE
73349,Honda,TOLIMA,NORTE
73443,Mariquita,TOLIMA,NORTE
73520,Palocabildo,TOLIMA,NORTE
73148,Carmen De Apicalá,TOLIMA,ORIENTE
73226,Cunday,TOLIMA,ORIENTE
73352,Icononzo,TOLIMA,ORIENTE
73449,Melgar,TOLIMA,ORIENTE
73873,Villarrica,TOLIMA,ORIENTE
73067,Ataco,TOLIMA,SUR
73168,Chaparral,TOLIMA,SUR
73217,Coyaima,TOLIMA,SUR
73483,Natagaima,TOLIMA,SUR
73504,Ortega,TOLIMA,SUR
73555,Planadas,TOLIMA,SUR
73616,Rioblanco,TOLIMA,SUR
73622,Roncesvalles,TOLIMA,SUR
73675,San Antonio,TOLIMA,SUR
73026,Alvarado,TOLIMA,IBAGUE
73043,Anzoátegui,TOLIMA,IBAGUE
73124,Cajamarca,TOLIMA,IBAGUE
73200,Coello,TOLIMA,IBAGUE
73268,Espinal,TOLIMA,IBAGUE
73275,Flandes,TOLIMA,IBAGUE
73001,Ibague,TOLIMA,IBAGUE
73547,Piedras,TOLIMA,IBAGUE
73624,Rovira,TOLIMA,IBAGUE
73678,San Luis,TOLIMA,IBAGUE
73854,Valle De San Juan,TOLIMA,IBAGUE
73024,Alpujarra,TOLIMA,SURORIENTE
73236,Dolores,TOLIMA,SURORIENTE
73319,Guamo,TOLIMA,SURORIENTE
73563,Prado,TOLIMA,SURORIENTE
73585,Purificación,TOLIMA,SURORIENTE
73671,Saldaña,TOLIMA,SURORIENTE
73770,Suárez,TOLIMA,SURORIENTE
73152,Casabianca,TOLIMA,NEVADOS
73347,Herveo,TOLIMA,NEVADOS
73408,Lerida,TOLIMA,NEVADOS
73411,Libano,TOLIMA,NEVADOS
73461,Murillo,TOLIMA,NEVADOS
73686,Santa Isabel,TOLIMA,NEVADOS
73861,Venadillo,TOLIMA,NEVADOS
73870,Villahermosa,TOLIMA,NEVADOS
76036,Andalucía,VALLE DEL CAUCA,CENTRO
76111,Buga,VALLE DEL CAUCA,CENTRO
76113,Bugalagrande,VALLE DEL CAUCA,CENTRO
76126,Calima,VALLE DEL CAUCA,CENTRO
76248,El Cerrito,VALLE DEL CAUCA,CENTRO
76306,Ginebra,VALLE DEL CAUCA,CENTRO
76318,Guacarí,VALLE DEL CAUCA,CENTRO
76606,Restrepo,VALLE DEL CAUCA,CENTRO
76616,Riofrio,VALLE DEL CAUCA,CENTRO
76670,San Pedro,VALLE DEL CAUCA,CENTRO
76828,Trujillo,VALLE DEL CAUCA,CENTRO
76834,Tuluá,VALLE DEL CAUCA,CENTRO
76890,Yotoco,VALLE DEL CAUCA,CENTRO
76020,Alcala,VALLE DEL CAUCA,NORTE
76041,Ansermanuevo,VALLE DEL CAUCA,NORTE
76054,Argelia,VALLE DEL CAUCA,NORTE
76100,Bolívar,VALLE DEL CAUCA,NORTE
76147,Cartago,VALLE DEL CAUCA,NORTE
76243,El Águila,VALLE DEL CAUCA,NORTE
76246,El Cairo,VALLE DEL CAUCA,NORTE
76250,El Dovio,VALLE DEL CAUCA,NORTE
76400,La Unión,VALLE DEL CAUCA,NORTE
76403,La Victoria,VALLE DEL CAUCA,NORTE
76497,Obando,VALLE DEL CAUCA,NORTE
76622,Roldanillo,VALLE DEL CAUCA,NORTE
76823,Toro,VALLE DEL CAUCA,NORTE
76845,Ulloa,VALLE DEL CAUCA,NORTE
76863,Versalles,VALLE DEL CAUCA,NORTE
76895,Zarzal,VALLE DEL CAUCA,NORTE
76109,Buenaventura,VALLE DEL CAUCA,OCCIDENTE
76122,Caicedonia,VALLE DEL CAUCA,ORIENTE
76736,Sevilla,VALLE DEL CAUCA,ORIENTE
76001,Cali,VALLE DEL CAUCA,SUR
76130,Candelaria,VALLE DEL CAUCA,SUR
76233,Dagua,VALLE DEL CAUCA,SUR
76275,Florida,VALLE DEL CAUCA,SUR
76364,Jamundí,VALLE DEL CAUCA,SUR
76377,La Cumbre,VALLE DEL CAUCA,SUR
76520,Palmira,VALLE DEL CAUCA,SUR
76563,Pradera,VALLE DEL CAUCA,SUR
76869,Vijes,VALLE DEL CAUCA,SUR
76892,Yumbo,VALLE DEL CAUCA,SUR
97161,Caruru,VAUPES,VAUPES
97001,Mitú,VAUPES,VAUPES
97511,Pacoa,VAUPES,VAUPES
97777,Papunahua,VAUPES,VAUPES
97666,Taraira,VAUPES,VAUPES
97889,Yavaraté,VAUPES,VAUPES
99773,Cumaribo,VICHADA,VICHADA
99524,La Primavera,VICHADA,VICHADA
99001,Puerto Carreño,VICHADA,VICHADA
99624,Santa Rosalía,VICHADA,VICHADA
